<?xml version="1.0" encoding="UTF-8"?>
<!DOCTYPE mapper PUBLIC "-//mybatis.org//DTD Mapper 3.0//EN" "http://mybatis.org/dtd/mybatis-3-mapper.dtd">
<!-- MyBatis는 SQL을 분리하여 별도의 XML 파일에 저장한다. -->
<mapper namespace="sample">

		<insert id="insertBoard" parameterType="hashmap" useGeneratedKeys="true" keyProperty="IDX">
		    <selectKey keyProperty="IDX" resultType="string" order="BEFORE">
		    	SELECT SEQ_TB_BOARD_IDX.NEXTVAL FROM DUAL
		    </selectKey>
		    <![CDATA[
		    	INSERT INTO TB_BOARD(IDX,TITLE,CONTENTS,HIT_CNT,DEL_GB,CREA_DTM,CREA_ID,STAR) VALUES(#{IDX},#{TITLE},#{CONTENTS},0,'N',SYSDATE,#{CREA_ID},#{STAR})
		    ]]>
		</insert>

		<update id="updateviews" parameterType="hashmap">
	    <![CDATA[
	    	UPDATE TB_BOARD SET HIT_CNT=NVL(HIT_CNT, 0)+1 WHERE IDX=#{IDX}
	    ]]>
		</update>

	<select id="selectBoardDetail" parameterType="hashmap" resultType="hashmap">
	   <![CDATA[
        SELECT IDX,HIT_CNT,CREA_ID,CREA_DTM,TITLE,CONTENTS,STAR FROM TB_BOARD WHERE IDX = #{IDX}
	   ]]>
	</select>

	<update id="updateBoard" parameterType="hashmap">
	    <![CDATA[
	    	UPDATE
	    		TB_BOARD
	    		SET
	    			TITLE=#{TITLE},
	    			CONTENTS=#{CONTENTS},
	    			STAR=#{STAR}
	    		WHERE
	    			IDX=#{IDX}
	    ]]>
	</update>

	<update id="deleteBoard" parameterType="hashmap">
	    <![CDATA[
        UPDATE TB_BOARD SET DEL_GB = 'Y' WHERE IDX = #{IDX}
	    ]]>
	</update>

	<insert id="insertFile" parameterType="hashmap">
		<![CDATA[
			INSERT INTO TB_FILE
			(
				IDX,
				BOARD_IDX,
				ORIGINAL_FILE_NAME,
				STORED_FILE_NAME,
				FILE_SIZE,
				CREA_ID
			)
			VALUES
			(
				SEQ_TB_FILE_IDX.NEXTVAL,
				#{BOARD_IDX},
				#{ORIGINAL_FILE_NAME},
				#{STORED_FILE_NAME},
				#{FILE_SIZE},
				'Admin'
			)
		]]>
	</insert>

	<select id="selectFileList" parameterType="hashmap" resultType="hashmap">
    <![CDATA[
        SELECT
            IDX,
            ORIGINAL_FILE_NAME,
            ROUND(FILE_SIZE/1024,1) AS FILE_SIZE
        FROM
            TB_FILE
        WHERE
            BOARD_IDX = #{IDX}
            AND DEL_GB = 'N'
    ]]>
    </select>

    <update id="deleteFileList" parameterType="hashmap">
	    <![CDATA[
	        UPDATE TB_FILE SET
	            DEL_GB = 'Y'
	        WHERE
	            BOARD_IDX = #{IDX}
	    ]]>
	</update>

	<update id="updateFile" parameterType="hashmap">
	    <![CDATA[
	        UPDATE TB_FILE SET
	            DEL_GB = 'N'
	        WHERE
	            IDX = #{FILE_IDX}
	    ]]>
	</update>

	<select id="selectBoardList" parameterType="hashmap" resultType="hashmap">
    <include refid="common.pagingPre"/>
    <![CDATA[
        SELECT
            ROW_NUMBER() OVER (ORDER BY IDX DESC) RNUM,
            IDX,
            TITLE,
            HIT_CNT,
            CREA_ID,
            CREA_DTM,
            STAR
        FROM
            TB_BOARD
        WHERE
            DEL_GB = 'N'
    ]]>
    <include refid="common.pagingPost"/>
	</select>

	<select id="searchList" parameterType="hashmap" resultType="hashmap">
    <include refid="common.pagingPre"/>
    <![CDATA[
        SELECT
            ROW_NUMBER() OVER (ORDER BY IDX DESC) RNUM,
            IDX,
            TITLE,
            HIT_CNT,
            CREA_ID,
            CREA_DTM,
            STAR
        FROM
            TB_BOARD
        WHERE
            DEL_GB = 'N'
            AND
            ${keyField} like '%${keyWord}%'
    ]]>
    <include refid="common.pagingPost"/>
	</select>

	<insert id="reInsert" parameterType="hashmap">
		<selectKey resultType="String" keyProperty="RENO" order="BEFORE">
       		SELECT NVL(MAX(RENO),0)+1 FROM TB_BOARDREPLY
   		</selectKey>

		<![CDATA[
			INSERT INTO TB_BOARDREPLY
			(
				BRDNO,
				RENO,
				REWRITER,
				DELGB,
				RECONTENT,
				REINDATE
			)
			VALUES
			(
				#{IDX},
				#{RENO},
				#{REWRITER},
				'N',
				#{RECONTENT},
				SYSDATE
			)
		]]>
	</insert>

	<update id="reUpdate" parameterType="hashmap">
	    UPDATE TB_BOARDREPLY
	       SET RECONTENT=#{RECONTENT}
	     WHERE RENO=#{RENO}
	</update>

	<select id="reList" parameterType="hashmap" resultType="hashmap">
    <![CDATA[
        SELECT
            RENO,
            REWRITER,
            RECONTENT,
            REINDATE,
            DELGB
        FROM
            TB_BOARDREPLY
        WHERE
            BRDNO = #{IDX}
            AND
            DELGB = 'N'
    ]]>
	</select>

	<update id="deleteRelist" parameterType="hashmap">
	    <![CDATA[UPDATE TB_BOARDREPLY SET DELGB = 'Y' WHERE RENO = #{RENO}]]>
	</update>
</mapper>